iter	Logloss	Accuracy	F1
0	0.6925136232	0.8202247191	0.7205240175
1	0.6918914318	0.8300561798	0.737527115
2	0.6911945386	0.8300561798	0.7408993576
3	0.6905159609	0.8314606742	0.7489539749
4	0.6899098685	0.8300561798	0.7473903967
5	0.6892352254	0.8356741573	0.7557411273
6	0.6885792202	0.8342696629	0.755186722
7	0.6879722487	0.8370786517	0.7583333333
8	0.6874008223	0.8342696629	0.7611336032
9	0.686743399	0.8300561798	0.7545638945
10	0.6860994119	0.8314606742	0.7520661157
11	0.6854835412	0.8314606742	0.7520661157
12	0.6850649264	0.8300561798	0.7545638945
13	0.6844777264	0.8328651685	0.7595959596
14	0.6838984347	0.8300561798	0.7545638945
15	0.6832044769	0.8328651685	0.7586206897
16	0.682690062	0.8300561798	0.7555555556
17	0.6820242688	0.8314606742	0.7570850202
18	0.6813663668	0.8314606742	0.7580645161
19	0.6807221968	0.8328651685	0.7595959596
20	0.680058431	0.8328651685	0.7586206897
21	0.6794102175	0.8328651685	0.7595959596
22	0.6787502348	0.8328651685	0.7595959596
23	0.6782584162	0.8314606742	0.7580645161
24	0.6777221106	0.8314606742	0.7580645161
25	0.6770883985	0.8314606742	0.7580645161
26	0.6765697701	0.8314606742	0.7580645161
27	0.6762133386	0.8286516854	0.7550200803
28	0.6756687148	0.8286516854	0.7550200803
29	0.6750090163	0.8314606742	0.7590361446
30	0.6744359301	0.8300561798	0.7565392354
31	0.6738575458	0.8300561798	0.7565392354
32	0.6734777502	0.8286516854	0.7550200803
33	0.6728506644	0.8300561798	0.75944334
34	0.672354088	0.8300561798	0.75944334
35	0.6717274413	0.8300561798	0.75944334
36	0.6710876975	0.8300561798	0.75944334
37	0.6705500694	0.8300561798	0.75944334
38	0.6699165632	0.8286516854	0.756
39	0.6692987335	0.8300561798	0.7565392354
40	0.6686670693	0.8300561798	0.7565392354
41	0.6681106594	0.8314606742	0.7580645161
42	0.667497761	0.8314606742	0.7580645161
43	0.6670121815	0.8314606742	0.7580645161
44	0.666491316	0.8300561798	0.7565392354
45	0.6661504902	0.8314606742	0.7609561753
46	0.6655310856	0.8286516854	0.756
47	0.6649925854	0.8314606742	0.7609561753
48	0.6645180995	0.8300561798	0.75944334
49	0.6639359545	0.8300561798	0.75944334
50	0.6633968167	0.8300561798	0.75944334
51	0.6628535075	0.8286516854	0.7579365079
52	0.6623844647	0.8286516854	0.7579365079
53	0.6617483327	0.8300561798	0.75944334
54	0.6612246901	0.8300561798	0.75944334
55	0.6606325875	0.8300561798	0.75944334
56	0.6600145134	0.8314606742	0.7619047619
57	0.6594490021	0.8314606742	0.7619047619
58	0.6588514822	0.8328651685	0.7634194831
59	0.6582538518	0.8314606742	0.7619047619
60	0.657796961	0.8314606742	0.7619047619
61	0.6572141472	0.8314606742	0.7619047619
62	0.656770538	0.8314606742	0.7619047619
63	0.656173299	0.8328651685	0.7634194831
64	0.6555762556	0.8314606742	0.7619047619
65	0.6550222479	0.8314606742	0.7619047619
66	0.6544434043	0.8328651685	0.7634194831
67	0.6538228643	0.8328651685	0.7634194831
68	0.6532150942	0.8342696629	0.764940239
69	0.6525953092	0.8342696629	0.764940239
70	0.6520757523	0.8356741573	0.7673956262
71	0.6515707382	0.8328651685	0.7634194831
72	0.6509538662	0.8356741573	0.7673956262
73	0.6504199932	0.8328651685	0.7643564356
74	0.6499548886	0.8314606742	0.7619047619
75	0.6494666381	0.8314606742	0.7619047619
76	0.6488784813	0.8314606742	0.7619047619
77	0.6482808059	0.8314606742	0.7619047619
78	0.6478991808	0.8314606742	0.7619047619
79	0.6473578496	0.8314606742	0.7619047619
80	0.6468550911	0.8314606742	0.7619047619
81	0.6463987365	0.8314606742	0.7619047619
82	0.6458974285	0.8314606742	0.7619047619
83	0.6454416919	0.8314606742	0.7619047619
84	0.6448859731	0.8314606742	0.7619047619
85	0.6443119686	0.8314606742	0.7619047619
86	0.6437725225	0.8314606742	0.7619047619
87	0.6433462368	0.8314606742	0.7619047619
88	0.6427806589	0.8314606742	0.7619047619
89	0.6422919391	0.8314606742	0.7619047619
90	0.6417218494	0.8328651685	0.7643564356
91	0.6412280365	0.8342696629	0.7658730159
92	0.6407469915	0.8342696629	0.764940239
93	0.6402156842	0.8328651685	0.7634194831
94	0.6397953651	0.8314606742	0.7619047619
95	0.6394590203	0.8314606742	0.7619047619
96	0.638910561	0.8314606742	0.7619047619
97	0.6383409446	0.8314606742	0.7619047619
98	0.6377555033	0.8328651685	0.7643564356
99	0.6371997352	0.8314606742	0.7619047619
100	0.6367636687	0.8314606742	0.7619047619
101	0.6363400672	0.8314606742	0.7619047619
102	0.6358006662	0.8314606742	0.7619047619
103	0.6353350219	0.8314606742	0.7619047619
104	0.6347959972	0.8328651685	0.7634194831
105	0.6343458677	0.8328651685	0.7634194831
106	0.6337932947	0.8328651685	0.7634194831
107	0.6332668326	0.8328651685	0.7634194831
108	0.6327317613	0.8328651685	0.7634194831
109	0.6323476615	0.8328651685	0.7634194831
110	0.6318014252	0.8328651685	0.7634194831
111	0.6313713969	0.8328651685	0.7634194831
112	0.6308708759	0.8328651685	0.7634194831
113	0.6304905288	0.8328651685	0.7634194831
114	0.6300180788	0.8328651685	0.7634194831
115	0.6294929537	0.8328651685	0.7634194831
116	0.629031953	0.8328651685	0.7634194831
117	0.6285466148	0.8328651685	0.7634194831
118	0.6280796839	0.8328651685	0.7634194831
119	0.6275920333	0.8328651685	0.7634194831
120	0.6270531679	0.8328651685	0.7634194831
121	0.6265114306	0.8328651685	0.7634194831
122	0.6259872097	0.8328651685	0.7634194831
123	0.6254301478	0.8328651685	0.7634194831
124	0.624915136	0.8328651685	0.7634194831
125	0.6244972044	0.8328651685	0.7634194831
126	0.6240399436	0.8328651685	0.7634194831
127	0.6235362223	0.8328651685	0.7634194831
128	0.6230230904	0.8342696629	0.764940239
129	0.6224909638	0.8328651685	0.7634194831
130	0.6220459687	0.8342696629	0.764940239
131	0.6217099186	0.8328651685	0.7634194831
132	0.6211922691	0.8328651685	0.7634194831
133	0.6207185824	0.8328651685	0.7634194831
134	0.620288591	0.8328651685	0.7634194831
135	0.6198025956	0.8328651685	0.7634194831
136	0.6193850517	0.8328651685	0.7634194831
137	0.6188921071	0.8328651685	0.7634194831
138	0.6185993884	0.8328651685	0.7634194831
139	0.6181328189	0.8342696629	0.764940239
140	0.6177067901	0.8328651685	0.7634194831
141	0.6172699593	0.8342696629	0.764940239
142	0.6167703056	0.8328651685	0.7634194831
143	0.6163119791	0.8328651685	0.7634194831
144	0.6159449479	0.8328651685	0.7634194831
145	0.6154782235	0.8328651685	0.7634194831
146	0.6149837976	0.8328651685	0.7634194831
147	0.6145722814	0.8328651685	0.7634194831
148	0.6140938827	0.8328651685	0.7634194831
149	0.6135998081	0.8314606742	0.7619047619
150	0.6132233132	0.8314606742	0.7619047619
151	0.6128933703	0.8300561798	0.75944334
152	0.6125176669	0.8300561798	0.75944334
153	0.6120574412	0.8314606742	0.7609561753
154	0.6115462835	0.8328651685	0.7624750499
155	0.6111312522	0.8314606742	0.7619047619
156	0.6106088299	0.8328651685	0.7634194831
157	0.6101356945	0.8328651685	0.7634194831
158	0.609718391	0.8328651685	0.7634194831
159	0.6092913336	0.8328651685	0.7634194831
160	0.6088502059	0.8328651685	0.7634194831
161	0.6084713518	0.8328651685	0.7634194831
162	0.6079642257	0.8342696629	0.764940239
163	0.6074867028	0.8342696629	0.764940239
164	0.6070453081	0.8342696629	0.764940239
165	0.6066070707	0.8342696629	0.764940239
166	0.6062696243	0.8342696629	0.764940239
167	0.6059374326	0.8342696629	0.764940239
168	0.6055295656	0.8342696629	0.764940239
169	0.6050392571	0.8342696629	0.764940239
170	0.6045607807	0.8342696629	0.764940239
171	0.6040810968	0.8356741573	0.7664670659
172	0.6037238663	0.8356741573	0.7664670659
173	0.603225792	0.8356741573	0.7664670659
174	0.6027599385	0.8356741573	0.7664670659
175	0.6023806926	0.8356741573	0.7664670659
176	0.6019537841	0.8356741573	0.7664670659
177	0.6015793448	0.8356741573	0.7664670659
178	0.6011131773	0.8356741573	0.7664670659
179	0.600644926	0.8356741573	0.7664670659
180	0.6002507381	0.8356741573	0.7664670659
181	0.6000083692	0.8356741573	0.7664670659
182	0.5996057672	0.8356741573	0.7664670659
183	0.5991188776	0.8356741573	0.7664670659
184	0.5986464425	0.8356741573	0.7664670659
185	0.5981684516	0.8356741573	0.7664670659
186	0.5976956451	0.8356741573	0.7664670659
187	0.5972472988	0.8356741573	0.7664670659
188	0.5968498686	0.8356741573	0.7664670659
189	0.5964163094	0.8356741573	0.7664670659
190	0.5959777346	0.8356741573	0.7664670659
191	0.5955315145	0.8356741573	0.7664670659
192	0.595126453	0.8356741573	0.7664670659
193	0.5947563425	0.8356741573	0.7664670659
194	0.5943589473	0.8356741573	0.7664670659
195	0.5939179685	0.8356741573	0.7664670659
196	0.593457821	0.8356741573	0.7664670659
197	0.5931217176	0.8356741573	0.7664670659
198	0.5926862841	0.8356741573	0.7664670659
199	0.5922620363	0.8356741573	0.7664670659
200	0.5919786269	0.8356741573	0.7664670659
201	0.5915119669	0.8356741573	0.7664670659
202	0.591089799	0.8356741573	0.7664670659
203	0.5907045875	0.8356741573	0.7664670659
204	0.5902219668	0.8356741573	0.7664670659
205	0.5898152256	0.8356741573	0.7664670659
206	0.5893744001	0.8356741573	0.7664670659
207	0.5889302228	0.8356741573	0.7664670659
208	0.5887038234	0.8356741573	0.7664670659
209	0.5882671927	0.8356741573	0.7664670659
210	0.5878382348	0.8356741573	0.7664670659
211	0.5873804101	0.8356741573	0.7664670659
212	0.5869866598	0.8356741573	0.7664670659
213	0.5865378573	0.8356741573	0.7664670659
214	0.5861009419	0.8356741573	0.7664670659
215	0.5856536272	0.8356741573	0.7664670659
216	0.5852345692	0.8356741573	0.7664670659
217	0.5848177039	0.8356741573	0.7664670659
218	0.5844532539	0.8356741573	0.7664670659
219	0.5840529205	0.8356741573	0.7664670659
220	0.5836674643	0.8356741573	0.7664670659
221	0.5833737469	0.8356741573	0.7664670659
222	0.5829522143	0.8342696629	0.764
223	0.5826101933	0.8342696629	0.764
224	0.5823635712	0.8342696629	0.764
225	0.5819818345	0.8342696629	0.764
226	0.581566318	0.8328651685	0.7605633803
227	0.5812961368	0.8314606742	0.7590361446
228	0.580873386	0.8342696629	0.764
229	0.5804865999	0.8342696629	0.764
230	0.5801164076	0.8342696629	0.764
231	0.5797254881	0.8342696629	0.764
232	0.5793546844	0.8342696629	0.764
233	0.5790618414	0.8342696629	0.764
234	0.5787338561	0.8342696629	0.764
235	0.5783626746	0.8342696629	0.764
236	0.578059586	0.8356741573	0.7664670659
237	0.5777126289	0.8356741573	0.7664670659
238	0.57730256	0.8356741573	0.7664670659
239	0.5769070618	0.8356741573	0.7664670659
240	0.5765094359	0.8356741573	0.7664670659
241	0.5761094046	0.8342696629	0.764
242	0.5757109204	0.8342696629	0.764
243	0.575311757	0.8342696629	0.764
244	0.5748987777	0.8314606742	0.7590361446
245	0.5745068427	0.8314606742	0.7590361446
246	0.5741309277	0.8342696629	0.764
247	0.5738954606	0.8342696629	0.764
248	0.5736906067	0.8356741573	0.7664670659
249	0.5732880333	0.8356741573	0.7664670659
250	0.5728940726	0.8356741573	0.7664670659
251	0.5725377305	0.8356741573	0.7664670659
252	0.572176068	0.8342696629	0.764
253	0.5718316261	0.8314606742	0.7590361446
254	0.5714588136	0.8328651685	0.7605633803
255	0.5711150314	0.8300561798	0.7575150301
256	0.5707476571	0.8314606742	0.7590361446
257	0.5704751124	0.8314606742	0.7590361446
258	0.5700836288	0.8314606742	0.7590361446
259	0.5697189106	0.8328651685	0.7605633803
260	0.5693391889	0.8328651685	0.7605633803
261	0.5690154534	0.8314606742	0.7590361446
262	0.5686296117	0.8328651685	0.7605633803
263	0.5682656014	0.8328651685	0.7605633803
264	0.5679108251	0.8328651685	0.7605633803
265	0.5675720134	0.8328651685	0.7605633803
266	0.5671870174	0.8328651685	0.7605633803
267	0.5668493371	0.8328651685	0.7605633803
268	0.5665229336	0.8328651685	0.7605633803
269	0.5661875793	0.8328651685	0.7605633803
270	0.5658325084	0.8328651685	0.7605633803
271	0.5655114736	0.8328651685	0.7605633803
272	0.5651319922	0.8328651685	0.7605633803
273	0.564855409	0.8328651685	0.7605633803
274	0.5645239378	0.8328651685	0.7605633803
275	0.5641857061	0.8328651685	0.7605633803
276	0.5638190073	0.8328651685	0.7605633803
277	0.5634805317	0.8328651685	0.7605633803
278	0.5632364821	0.8356741573	0.7664670659
279	0.5629255549	0.8342696629	0.7630522088
280	0.5625478394	0.8328651685	0.7605633803
281	0.5622599839	0.8328651685	0.7605633803
282	0.5619028654	0.8328651685	0.7605633803
283	0.5616111938	0.8328651685	0.7615230461
284	0.5612730806	0.8356741573	0.7664670659
285	0.5609381965	0.8342696629	0.7630522088
286	0.560593812	0.8328651685	0.7605633803
287	0.5602061469	0.8328651685	0.7605633803
288	0.5598655624	0.8328651685	0.7605633803
289	0.5594953468	0.8328651685	0.7605633803
290	0.5591829838	0.8328651685	0.7605633803
291	0.5588184674	0.8328651685	0.7605633803
292	0.5584646367	0.8328651685	0.7605633803
293	0.5581261707	0.8328651685	0.7605633803
294	0.5577847293	0.8328651685	0.7605633803
295	0.557457381	0.8328651685	0.7605633803
296	0.5572141606	0.8328651685	0.7605633803
297	0.5570116328	0.8328651685	0.7605633803
298	0.5568307326	0.8328651685	0.7605633803
299	0.5565486977	0.8314606742	0.7580645161
300	0.5562863798	0.8314606742	0.7580645161
301	0.5560376004	0.8328651685	0.7605633803
302	0.5556349338	0.8328651685	0.7605633803
303	0.5553560406	0.8328651685	0.7605633803
304	0.5550860704	0.8328651685	0.7605633803
305	0.5547881469	0.8328651685	0.7605633803
306	0.5544510789	0.8328651685	0.7605633803
307	0.5540799531	0.8328651685	0.7605633803
308	0.5538433688	0.8328651685	0.7615230461
309	0.5534894003	0.8328651685	0.7605633803
310	0.5531708159	0.8328651685	0.7605633803
311	0.5529375986	0.8328651685	0.7605633803
312	0.5526307231	0.8342696629	0.7630522088
313	0.5522669872	0.8328651685	0.7605633803
314	0.5519832942	0.8328651685	0.7615230461
315	0.5516349702	0.8328651685	0.7605633803
316	0.5513102593	0.8328651685	0.7605633803
317	0.5509850623	0.8328651685	0.7605633803
318	0.5506325379	0.8328651685	0.7605633803
319	0.5503021617	0.8328651685	0.7605633803
320	0.5500519877	0.8328651685	0.7605633803
321	0.5497213571	0.8328651685	0.7605633803
322	0.5493714846	0.8328651685	0.7605633803
323	0.5490343003	0.8328651685	0.7605633803
324	0.5488647029	0.8328651685	0.7605633803
325	0.5486186088	0.8328651685	0.7605633803
326	0.5482819842	0.8328651685	0.7605633803
327	0.5481135908	0.8314606742	0.7590361446
328	0.5478722267	0.8328651685	0.7605633803
329	0.547520405	0.8328651685	0.7605633803
330	0.5472817893	0.8314606742	0.7580645161
331	0.5470008501	0.8314606742	0.7580645161
332	0.5467050939	0.8328651685	0.7605633803
333	0.5464620717	0.8328651685	0.7605633803
334	0.5461473056	0.8314606742	0.7580645161
335	0.5457962927	0.8314606742	0.7580645161
336	0.5455259424	0.8314606742	0.7580645161
337	0.545200494	0.8314606742	0.7580645161
338	0.5448760858	0.8314606742	0.7580645161
339	0.5445374551	0.8314606742	0.7580645161
340	0.5441922307	0.8328651685	0.7605633803
341	0.5439571352	0.8328651685	0.7605633803
342	0.5436864919	0.8314606742	0.7580645161
343	0.5433679248	0.8314606742	0.7580645161
344	0.5430181976	0.8328651685	0.7605633803
345	0.5426994697	0.8328651685	0.7605633803
346	0.5425388297	0.8328651685	0.7605633803
347	0.5422506598	0.8314606742	0.7580645161
348	0.5420038067	0.8314606742	0.7580645161
349	0.5416902448	0.8314606742	0.7580645161
350	0.5413593259	0.8314606742	0.7580645161
351	0.5411266364	0.8314606742	0.7580645161
352	0.5408568574	0.8314606742	0.7580645161
353	0.5406215954	0.8314606742	0.7580645161
354	0.5402936709	0.8314606742	0.7580645161
355	0.53996741	0.8314606742	0.7580645161
356	0.5396691492	0.8314606742	0.7580645161
357	0.5394043289	0.8314606742	0.7580645161
358	0.5391537584	0.8314606742	0.7580645161
359	0.5388806462	0.8314606742	0.7580645161
360	0.5385583871	0.8314606742	0.7580645161
361	0.5382461714	0.8314606742	0.7580645161
362	0.5379023331	0.8314606742	0.7580645161
363	0.5375757176	0.8328651685	0.7605633803
364	0.5372430893	0.8328651685	0.7605633803
365	0.5369328753	0.8328651685	0.7605633803
366	0.5366490832	0.8328651685	0.7605633803
367	0.5363971847	0.8328651685	0.7605633803
368	0.5360972159	0.8328651685	0.7605633803
369	0.5357855532	0.8328651685	0.7605633803
370	0.5355814856	0.8328651685	0.7605633803
371	0.5352533796	0.8328651685	0.7605633803
372	0.5349352486	0.8328651685	0.7605633803
373	0.5346590537	0.8328651685	0.7605633803
374	0.5343275048	0.8328651685	0.7605633803
375	0.5340127859	0.8328651685	0.7605633803
376	0.5336810248	0.8328651685	0.7605633803
377	0.5333655717	0.8328651685	0.7605633803
378	0.5330844943	0.8328651685	0.7605633803
379	0.5328076691	0.8328651685	0.7605633803
380	0.5325395074	0.8328651685	0.7605633803
381	0.5322328569	0.8328651685	0.7605633803
382	0.5319997885	0.8328651685	0.7605633803
383	0.531727142	0.8328651685	0.7605633803
384	0.5314611788	0.8328651685	0.7605633803
385	0.5311446964	0.8328651685	0.7605633803
386	0.5308367681	0.8328651685	0.7605633803
387	0.530556236	0.8328651685	0.7605633803
388	0.5302684007	0.8328651685	0.7605633803
389	0.5300374816	0.8328651685	0.7605633803
390	0.5297279326	0.8328651685	0.7605633803
391	0.5294571384	0.8328651685	0.7605633803
392	0.529285583	0.8328651685	0.7605633803
393	0.5289871031	0.8328651685	0.7605633803
394	0.5288162909	0.8328651685	0.7605633803
395	0.5285133042	0.8328651685	0.7605633803
396	0.5281995651	0.8328651685	0.7605633803
397	0.5280211291	0.8328651685	0.7605633803
398	0.5278024948	0.8328651685	0.7605633803
399	0.5275536123	0.8328651685	0.7605633803
400	0.527327642	0.8328651685	0.7605633803
401	0.5270099802	0.8328651685	0.7605633803
402	0.5267080783	0.8328651685	0.7605633803
403	0.5264618386	0.8328651685	0.7605633803
404	0.5261805214	0.8328651685	0.7605633803
405	0.5259213577	0.8328651685	0.7605633803
406	0.5256833869	0.8328651685	0.7605633803
407	0.5254413316	0.8328651685	0.7605633803
408	0.5251825137	0.8328651685	0.7605633803
409	0.5249659671	0.8328651685	0.7605633803
410	0.5246937181	0.8328651685	0.7605633803
411	0.5244181644	0.8328651685	0.7605633803
412	0.524151744	0.8328651685	0.7605633803
413	0.5238775437	0.8328651685	0.7605633803
414	0.5236662538	0.8328651685	0.7605633803
415	0.5233813254	0.8328651685	0.7605633803
416	0.5231826537	0.8328651685	0.7605633803
417	0.5229284957	0.8328651685	0.7605633803
418	0.5226918643	0.8328651685	0.7605633803
419	0.522398708	0.8328651685	0.7605633803
420	0.5221468507	0.8328651685	0.7605633803
421	0.5218845187	0.8328651685	0.7605633803
422	0.5216879085	0.8328651685	0.7605633803
423	0.5214643536	0.8328651685	0.7605633803
424	0.5211757121	0.8328651685	0.7605633803
425	0.5209487591	0.8328651685	0.7605633803
426	0.5206734379	0.8328651685	0.7605633803
427	0.5203682214	0.8328651685	0.7605633803
428	0.520201209	0.8328651685	0.7605633803
429	0.5200705056	0.8328651685	0.7605633803
430	0.5198722146	0.8328651685	0.7605633803
431	0.519594625	0.8328651685	0.7605633803
432	0.5193385948	0.8328651685	0.7605633803
433	0.5191192141	0.8328651685	0.7605633803
434	0.5188753093	0.8328651685	0.7605633803
435	0.5186748557	0.8328651685	0.7605633803
436	0.5184199949	0.8328651685	0.7605633803
437	0.5181555612	0.8328651685	0.7605633803
438	0.5178748275	0.8328651685	0.7605633803
439	0.5175967059	0.8328651685	0.7605633803
440	0.517312205	0.8328651685	0.7605633803
441	0.5170248526	0.8328651685	0.7605633803
442	0.5168833542	0.8328651685	0.7605633803
443	0.5166435457	0.8328651685	0.7605633803
444	0.5164912418	0.8328651685	0.7605633803
445	0.5162146099	0.8328651685	0.7605633803
446	0.5160777964	0.8328651685	0.7605633803
447	0.515823467	0.8328651685	0.7605633803
448	0.5156377009	0.8328651685	0.7605633803
449	0.5153474715	0.8328651685	0.7605633803
450	0.5150894546	0.8328651685	0.7605633803
451	0.5148028399	0.8328651685	0.7605633803
452	0.5145419209	0.8328651685	0.7605633803
453	0.514288207	0.8328651685	0.7605633803
454	0.5140505408	0.8328651685	0.7605633803
455	0.5139184156	0.8328651685	0.7605633803
456	0.5137810966	0.8328651685	0.7605633803
457	0.5135050794	0.8328651685	0.7605633803
458	0.5132774366	0.8328651685	0.7605633803
459	0.512995185	0.8328651685	0.7605633803
460	0.5127534918	0.8328651685	0.7605633803
461	0.5125023438	0.8328651685	0.7605633803
462	0.5122965425	0.8328651685	0.7605633803
463	0.5120800746	0.8328651685	0.7605633803
464	0.5119240339	0.8328651685	0.7605633803
465	0.5116330985	0.8328651685	0.7605633803
466	0.5114221846	0.8328651685	0.7605633803
467	0.5111630054	0.8328651685	0.7605633803
468	0.5110442239	0.8328651685	0.7605633803
469	0.5108599364	0.8328651685	0.7605633803
470	0.5105904977	0.8328651685	0.7605633803
471	0.5104252283	0.8328651685	0.7605633803
472	0.5102421715	0.8328651685	0.7605633803
473	0.5100112403	0.8328651685	0.7605633803
474	0.5097448962	0.8328651685	0.7605633803
475	0.5095200459	0.8328651685	0.7605633803
476	0.509309072	0.8328651685	0.7605633803
477	0.5090342867	0.8328651685	0.7605633803
478	0.5088226748	0.8328651685	0.7605633803
479	0.5085574305	0.8328651685	0.7605633803
480	0.5083859956	0.8328651685	0.7605633803
481	0.5082709068	0.8328651685	0.7605633803
482	0.5080366514	0.8328651685	0.7605633803
483	0.5078614431	0.8328651685	0.7605633803
484	0.5076128562	0.8328651685	0.7605633803
485	0.5073642327	0.8328651685	0.7605633803
486	0.5072045319	0.8328651685	0.7605633803
487	0.5069326636	0.8328651685	0.7605633803
488	0.5066746814	0.8328651685	0.7605633803
489	0.5064832731	0.8328651685	0.7605633803
490	0.5062884193	0.8328651685	0.7605633803
491	0.5060526126	0.8328651685	0.7605633803
492	0.5058159727	0.8328651685	0.7605633803
493	0.5056860336	0.8328651685	0.7605633803
494	0.505574512	0.8328651685	0.7605633803
495	0.5053197044	0.8328651685	0.7605633803
496	0.5050967331	0.8328651685	0.7605633803
497	0.5048680805	0.8328651685	0.7605633803
498	0.5046342582	0.8328651685	0.7605633803
499	0.5044434292	0.8328651685	0.7605633803
500	0.5043058192	0.8328651685	0.7605633803
501	0.5041961585	0.8328651685	0.7605633803
502	0.5039358966	0.8328651685	0.7605633803
503	0.5037318752	0.8328651685	0.7605633803
504	0.5035070748	0.8328651685	0.7605633803
505	0.5033249258	0.8328651685	0.7605633803
506	0.5030813443	0.8328651685	0.7605633803
507	0.5029068482	0.8328651685	0.7605633803
508	0.5026873873	0.8328651685	0.7605633803
509	0.5024931167	0.8328651685	0.7605633803
510	0.5022549237	0.8328651685	0.7605633803
511	0.5020100064	0.8328651685	0.7605633803
512	0.5017735226	0.8328651685	0.7605633803
513	0.5015615118	0.8328651685	0.7605633803
514	0.5013122372	0.8328651685	0.7605633803
515	0.5011077837	0.8328651685	0.7605633803
516	0.5008675302	0.8328651685	0.7605633803
517	0.5006472265	0.8328651685	0.7605633803
518	0.5004812813	0.8328651685	0.7605633803
519	0.5003250801	0.8328651685	0.7605633803
520	0.50011029	0.8328651685	0.7605633803
521	0.4998739573	0.8328651685	0.7605633803
522	0.4996906663	0.8328651685	0.7605633803
523	0.4994556902	0.8328651685	0.7605633803
524	0.499299032	0.8328651685	0.7605633803
525	0.4990635748	0.8328651685	0.7605633803
526	0.4988421461	0.8328651685	0.7605633803
527	0.4987274582	0.8328651685	0.7605633803
528	0.4984881396	0.8328651685	0.7605633803
529	0.49827702	0.8328651685	0.7605633803
530	0.4980765194	0.8328651685	0.7605633803
531	0.4978506918	0.8328651685	0.7605633803
532	0.4976210034	0.8328651685	0.7605633803
533	0.4975196294	0.8328651685	0.7605633803
534	0.4972823339	0.8328651685	0.7605633803
535	0.4970681578	0.8328651685	0.7605633803
536	0.496908815	0.8328651685	0.7605633803
537	0.4967258912	0.8328651685	0.7605633803
538	0.4964997222	0.8328651685	0.7605633803
539	0.4962826508	0.8328651685	0.7605633803
540	0.496109604	0.8328651685	0.7605633803
541	0.4959175834	0.8328651685	0.7605633803
542	0.4957167094	0.8328651685	0.7605633803
543	0.4955684005	0.8328651685	0.7605633803
544	0.4953790408	0.8328651685	0.7605633803
545	0.4951413999	0.8328651685	0.7605633803
546	0.494907982	0.8328651685	0.7605633803
547	0.4946805076	0.8342696629	0.7620967742
548	0.4944863404	0.8328651685	0.7605633803
549	0.4943079763	0.8328651685	0.7605633803
550	0.4941167632	0.8328651685	0.7605633803
551	0.4939770006	0.8328651685	0.7605633803
552	0.4937225487	0.8328651685	0.7605633803
553	0.4935464781	0.8328651685	0.7605633803
554	0.4932802674	0.8328651685	0.7605633803
555	0.4930545634	0.8328651685	0.7605633803
556	0.4928326732	0.8328651685	0.7605633803
557	0.4927015192	0.8342696629	0.7620967742
558	0.492497893	0.8328651685	0.7605633803
559	0.4923646996	0.8328651685	0.7605633803
560	0.4921452495	0.8328651685	0.7605633803
561	0.4919338721	0.8342696629	0.7620967742
562	0.4917069906	0.8328651685	0.7605633803
563	0.4915551048	0.8328651685	0.7605633803
564	0.4913824964	0.8328651685	0.7605633803
565	0.4912361569	0.8328651685	0.7605633803
566	0.491019335	0.8328651685	0.7605633803
567	0.4909261218	0.8328651685	0.7605633803
568	0.4907560565	0.8328651685	0.7605633803
569	0.4905290345	0.8328651685	0.7605633803
570	0.4903831961	0.8328651685	0.7605633803
571	0.4902235343	0.8328651685	0.7605633803
572	0.4900083629	0.8328651685	0.7605633803
573	0.4898165221	0.8328651685	0.7605633803
574	0.4895938925	0.8328651685	0.7605633803
575	0.4893754178	0.8342696629	0.7620967742
576	0.4892842462	0.8342696629	0.7620967742
577	0.4890904868	0.8342696629	0.7620967742
578	0.488999741	0.8342696629	0.7620967742
579	0.4887945506	0.8342696629	0.7620967742
580	0.488620699	0.8342696629	0.7620967742
581	0.4884011508	0.8342696629	0.7620967742
582	0.488221319	0.8342696629	0.7620967742
583	0.4880406374	0.8342696629	0.7620967742
584	0.4878333409	0.8342696629	0.7620967742
585	0.4877441303	0.8342696629	0.7620967742
586	0.4875291192	0.8342696629	0.7620967742
587	0.4873871545	0.8342696629	0.7620967742
588	0.4872057596	0.8342696629	0.7620967742
589	0.48700378	0.8342696629	0.7620967742
590	0.48677255	0.8342696629	0.7620967742
591	0.4866168964	0.8342696629	0.7620967742
592	0.4864131907	0.8342696629	0.7620967742
593	0.4861940265	0.8342696629	0.7620967742
594	0.4860862098	0.8342696629	0.7620967742
595	0.4858997713	0.8342696629	0.7620967742
596	0.4857701971	0.8342696629	0.7620967742
597	0.4856184511	0.8342696629	0.7620967742
598	0.4854441475	0.8342696629	0.7620967742
599	0.4853579048	0.8342696629	0.7620967742
600	0.4851885461	0.8342696629	0.7620967742
601	0.4850159978	0.8342696629	0.7620967742
602	0.4848170472	0.8342696629	0.7620967742
603	0.4846306968	0.8342696629	0.7620967742
604	0.4845208099	0.8342696629	0.7620967742
605	0.484405711	0.8342696629	0.7620967742
606	0.4842516611	0.8342696629	0.7620967742
607	0.4841202712	0.8342696629	0.7620967742
608	0.4839104074	0.8342696629	0.7620967742
609	0.4837273131	0.8342696629	0.7620967742
610	0.4835362824	0.8342696629	0.7620967742
611	0.4833848947	0.8342696629	0.7620967742
612	0.4831798178	0.8342696629	0.7620967742
613	0.4830420161	0.8342696629	0.7620967742
614	0.4828402112	0.8342696629	0.7620967742
615	0.482714698	0.8342696629	0.7620967742
616	0.482532607	0.8342696629	0.7620967742
617	0.4823465755	0.8342696629	0.7620967742
618	0.4821577829	0.8342696629	0.7620967742
619	0.4820004194	0.8342696629	0.7620967742
620	0.4818479365	0.8342696629	0.7620967742
621	0.4816450824	0.8342696629	0.7620967742
622	0.4815559419	0.8342696629	0.7620967742
623	0.4814634912	0.8342696629	0.7620967742
624	0.4813672187	0.8328651685	0.7605633803
625	0.481243517	0.8328651685	0.7605633803
626	0.4810391221	0.8328651685	0.7605633803
627	0.4808463099	0.8328651685	0.7605633803
628	0.4806797782	0.8342696629	0.7620967742
629	0.4805615545	0.8342696629	0.7620967742
630	0.4804108664	0.8342696629	0.7620967742
631	0.4802927649	0.8342696629	0.7620967742
632	0.4801295851	0.8342696629	0.7620967742
633	0.4799183199	0.8342696629	0.7620967742
634	0.4797176574	0.8342696629	0.7620967742
635	0.4795393679	0.8342696629	0.7620967742
636	0.4793501148	0.8342696629	0.7620967742
637	0.479208942	0.8342696629	0.7620967742
638	0.4790130867	0.8342696629	0.7620967742
639	0.4788513679	0.8342696629	0.7620967742
640	0.4787732542	0.8342696629	0.7620967742
641	0.4785726552	0.8342696629	0.7620967742
642	0.478391893	0.8342696629	0.7620967742
643	0.4782184345	0.8342696629	0.7620967742
644	0.4780279873	0.8342696629	0.7620967742
645	0.477843966	0.8342696629	0.7620967742
646	0.4777193358	0.8342696629	0.7620967742
647	0.4775266081	0.8342696629	0.7620967742
648	0.4773520048	0.8342696629	0.7620967742
649	0.4771826141	0.8342696629	0.7620967742
650	0.4770585919	0.8342696629	0.7620967742
651	0.476923744	0.8342696629	0.7620967742
652	0.4767662741	0.8342696629	0.7620967742
653	0.4766022666	0.8342696629	0.7620967742
654	0.4764737489	0.8342696629	0.7620967742
655	0.4763984067	0.8342696629	0.7620967742
656	0.4762625135	0.8342696629	0.7620967742
657	0.4760955944	0.8342696629	0.7620967742
658	0.4759587845	0.8342696629	0.7620967742
659	0.4758149489	0.8342696629	0.7620967742
660	0.4756826227	0.8342696629	0.7620967742
661	0.4755339407	0.8342696629	0.7620967742
662	0.4753472126	0.8342696629	0.7620967742
663	0.4752100446	0.8342696629	0.7620967742
664	0.4750847513	0.8342696629	0.7620967742
665	0.4750111839	0.8342696629	0.7620967742
666	0.4748463665	0.8342696629	0.7620967742
667	0.474660548	0.8342696629	0.7620967742
668	0.47446579	0.8342696629	0.7620967742
669	0.4742932795	0.8342696629	0.7620967742
670	0.4742020834	0.8342696629	0.7620967742
671	0.4740234029	0.8342696629	0.7620967742
672	0.4739267694	0.8342696629	0.7620967742
673	0.4737502681	0.8342696629	0.7620967742
674	0.4736024062	0.8342696629	0.7620967742
675	0.4734947057	0.8342696629	0.7620967742
676	0.4734160219	0.8342696629	0.7620967742
677	0.4733069111	0.8342696629	0.7620967742
678	0.473159004	0.8342696629	0.7620967742
679	0.4729823255	0.8342696629	0.7620967742
680	0.4728800534	0.8342696629	0.7620967742
681	0.4727111049	0.8342696629	0.7620967742
682	0.472551315	0.8342696629	0.7620967742
683	0.4723656686	0.8342696629	0.7620967742
684	0.4722483911	0.8342696629	0.7620967742
685	0.4720682884	0.8342696629	0.7620967742
686	0.4719241742	0.8342696629	0.7620967742
687	0.4718166521	0.8342696629	0.7620967742
688	0.4717214773	0.8342696629	0.7620967742
689	0.4715428651	0.8342696629	0.7620967742
690	0.4714215828	0.8342696629	0.7620967742
691	0.4712708856	0.8342696629	0.7620967742
692	0.4711247735	0.8342696629	0.7620967742
693	0.4710046699	0.8342696629	0.7620967742
694	0.4708281756	0.8342696629	0.7620967742
695	0.4706972338	0.8342696629	0.7620967742
696	0.4705111911	0.8342696629	0.7620967742
697	0.4703791883	0.8342696629	0.7620967742
698	0.4701957117	0.8342696629	0.7620967742
699	0.4700180915	0.8342696629	0.7620967742
700	0.4698730927	0.8342696629	0.7620967742
701	0.4697554515	0.8342696629	0.7620967742
702	0.4696772039	0.8342696629	0.7620967742
703	0.4695139944	0.8342696629	0.7620967742
704	0.4693489004	0.8342696629	0.7620967742
705	0.4692112086	0.8342696629	0.7620967742
706	0.4690514951	0.8342696629	0.7620967742
707	0.4689077684	0.8342696629	0.7620967742
708	0.4688414306	0.8342696629	0.7620967742
709	0.468654771	0.8342696629	0.7620967742
710	0.4685581288	0.8342696629	0.7620967742
711	0.4684061623	0.8342696629	0.7620967742
712	0.4682608395	0.8342696629	0.7620967742
713	0.4681114864	0.8342696629	0.7620967742
714	0.4680460824	0.8342696629	0.7620967742
715	0.4678798918	0.8342696629	0.7620967742
716	0.4677093835	0.8342696629	0.7620967742
717	0.4675730214	0.8342696629	0.7620967742
718	0.4674855637	0.8342696629	0.7620967742
719	0.4673139541	0.8342696629	0.7620967742
720	0.467138384	0.8342696629	0.7620967742
721	0.4669869538	0.8342696629	0.7620967742
722	0.466910827	0.8342696629	0.7620967742
723	0.466774575	0.8342696629	0.7620967742
724	0.4666162835	0.8342696629	0.7620967742
725	0.4664798594	0.8342696629	0.7620967742
726	0.4664054335	0.8342696629	0.7620967742
727	0.4662403272	0.8342696629	0.7620967742
728	0.4660681409	0.8342696629	0.7620967742
729	0.4658989593	0.8342696629	0.7620967742
730	0.4657656378	0.8342696629	0.7620967742
731	0.4656113114	0.8342696629	0.7620967742
732	0.4654870223	0.8342696629	0.7620967742
733	0.4653743722	0.8342696629	0.7620967742
734	0.4652377464	0.8342696629	0.7620967742
735	0.4650834067	0.8342696629	0.7620967742
736	0.4649890196	0.8342696629	0.7620967742
737	0.4648678872	0.8342696629	0.7620967742
738	0.4647159916	0.8342696629	0.7620967742
739	0.4645523437	0.8342696629	0.7620967742
740	0.4644023609	0.8342696629	0.7620967742
741	0.4642844429	0.8342696629	0.7620967742
742	0.4641814607	0.8342696629	0.7620967742
743	0.4640296619	0.8342696629	0.7620967742
744	0.4638845213	0.8342696629	0.7620967742
745	0.4637222222	0.8342696629	0.7620967742
746	0.4635767507	0.8342696629	0.7620967742
747	0.4634203627	0.8342696629	0.7620967742
748	0.4632450944	0.8342696629	0.7620967742
749	0.4630982428	0.8342696629	0.7620967742
750	0.4629479926	0.8342696629	0.7620967742
751	0.46280536	0.8342696629	0.7620967742
752	0.4627146307	0.8342696629	0.7620967742
753	0.4625878911	0.8342696629	0.7620967742
754	0.4624694075	0.8342696629	0.7620967742
755	0.4623170181	0.8342696629	0.7620967742
756	0.4621513022	0.8342696629	0.7620967742
757	0.4620346992	0.8342696629	0.7620967742
758	0.4618748225	0.8342696629	0.7620967742
759	0.4617263299	0.8342696629	0.7620967742
760	0.461594916	0.8342696629	0.7620967742
761	0.4615300079	0.8342696629	0.7620967742
762	0.4614024282	0.8342696629	0.7620967742
763	0.4612427902	0.8342696629	0.7620967742
764	0.4611093684	0.8342696629	0.7620967742
765	0.4609613473	0.8342696629	0.7620967742
766	0.460832476	0.8342696629	0.7620967742
767	0.4607369359	0.8342696629	0.7620967742
768	0.4605745238	0.8342696629	0.7620967742
769	0.4604290913	0.8342696629	0.7620967742
770	0.4603647616	0.8342696629	0.7620967742
771	0.4602164737	0.8342696629	0.7620967742
772	0.4600845239	0.8342696629	0.7620967742
773	0.4599734639	0.8342696629	0.7620967742
774	0.4599060572	0.8342696629	0.7620967742
775	0.4597792942	0.8342696629	0.7620967742
776	0.4596625953	0.8342696629	0.7620967742
777	0.4594958928	0.8342696629	0.7620967742
778	0.4593921895	0.8342696629	0.7620967742
779	0.45924569	0.8342696629	0.7620967742
780	0.459080428	0.8342696629	0.7620967742
781	0.4589330713	0.8342696629	0.7620967742
782	0.4588193313	0.8342696629	0.7620967742
783	0.4587282222	0.8342696629	0.7620967742
784	0.4585828966	0.8342696629	0.7620967742
785	0.4584222314	0.8342696629	0.7620967742
786	0.4582696814	0.8356741573	0.7645875252
787	0.4581139643	0.8356741573	0.7645875252
788	0.4579815629	0.8370786517	0.7670682731
789	0.4578542302	0.8370786517	0.7670682731
790	0.4577601034	0.8370786517	0.7670682731
791	0.457611727	0.8370786517	0.7670682731
792	0.4574792334	0.8370786517	0.7670682731
793	0.4573922898	0.8370786517	0.7670682731
794	0.4572494757	0.8370786517	0.7670682731
795	0.4571158171	0.8370786517	0.7670682731
796	0.456957153	0.8370786517	0.7670682731
797	0.4568216231	0.8370786517	0.7670682731
798	0.4566917333	0.8370786517	0.7670682731
799	0.4565831327	0.8370786517	0.7670682731
800	0.4564392744	0.8370786517	0.7670682731
801	0.4562972266	0.8370786517	0.7670682731
802	0.4562028192	0.8370786517	0.7670682731
803	0.4561052795	0.8370786517	0.7670682731
804	0.4559738163	0.8370786517	0.7670682731
805	0.4558639373	0.8370786517	0.7670682731
806	0.4557207141	0.8370786517	0.7670682731
807	0.4556077506	0.8370786517	0.7670682731
808	0.4554849579	0.8370786517	0.7670682731
809	0.4553685373	0.8370786517	0.7670682731
810	0.4552482109	0.8370786517	0.7670682731
811	0.4551287053	0.8370786517	0.7670682731
812	0.4550153271	0.8370786517	0.7670682731
813	0.4548997585	0.8370786517	0.7670682731
814	0.4548024121	0.8370786517	0.7670682731
815	0.4547142291	0.8370786517	0.7670682731
816	0.4545861232	0.8370786517	0.7670682731
817	0.4544464545	0.8370786517	0.7670682731
818	0.4542944256	0.8370786517	0.7670682731
819	0.4541415491	0.8370786517	0.7670682731
820	0.4540252068	0.8370786517	0.7670682731
821	0.4538701175	0.8370786517	0.7670682731
822	0.4537225527	0.8370786517	0.7670682731
823	0.4536106758	0.8370786517	0.7670682731
824	0.4534950029	0.8370786517	0.7670682731
825	0.4533823672	0.8370786517	0.7670682731
826	0.4532585405	0.8370786517	0.7670682731
827	0.4531464806	0.8370786517	0.7670682731
828	0.4530155975	0.8370786517	0.7670682731
829	0.4528841799	0.8370786517	0.7670682731
830	0.4527798803	0.8370786517	0.7670682731
831	0.4526730248	0.8370786517	0.7670682731
832	0.4525893098	0.8370786517	0.7670682731
833	0.4524653685	0.8370786517	0.7670682731
834	0.4523329349	0.8370786517	0.7670682731
835	0.4522092803	0.8370786517	0.7670682731
836	0.4520930573	0.8370786517	0.7670682731
837	0.4519828183	0.8370786517	0.7670682731
838	0.4518769181	0.8370786517	0.7670682731
839	0.4517571899	0.8370786517	0.7670682731
840	0.4516552263	0.8370786517	0.7670682731
841	0.4515720052	0.8370786517	0.7670682731
842	0.4514791907	0.8370786517	0.7670682731
843	0.4513745685	0.8370786517	0.7670682731
844	0.4512547486	0.8370786517	0.7670682731
845	0.4511094973	0.8370786517	0.7670682731
846	0.4509935772	0.8370786517	0.7670682731
847	0.4508775497	0.8370786517	0.7670682731
848	0.4508145503	0.8370786517	0.7670682731
849	0.4506792251	0.8370786517	0.7670682731
850	0.4505193234	0.8370786517	0.7670682731
851	0.4504450818	0.8370786517	0.7670682731
852	0.4503848607	0.8370786517	0.7670682731
853	0.4503380237	0.8370786517	0.7670682731
854	0.4502154184	0.8370786517	0.7670682731
855	0.4501687973	0.8370786517	0.7670682731
856	0.4501013222	0.8370786517	0.7670682731
857	0.4499721773	0.8370786517	0.7670682731
858	0.4498293547	0.8370786517	0.7670682731
859	0.4497773505	0.8370786517	0.7670682731
860	0.4496312901	0.8370786517	0.7670682731
861	0.4495220483	0.8370786517	0.7670682731
862	0.4493787809	0.8370786517	0.7670682731
863	0.4492769169	0.8370786517	0.7670682731
864	0.4492218101	0.8370786517	0.7670682731
865	0.4490833627	0.8370786517	0.7670682731
866	0.4490143299	0.8370786517	0.7670682731
867	0.4488995333	0.8370786517	0.7670682731
868	0.4487614069	0.8370786517	0.7670682731
869	0.4486701051	0.8370786517	0.7670682731
870	0.4485705186	0.8370786517	0.7670682731
871	0.448488825	0.8370786517	0.7670682731
872	0.448373155	0.8370786517	0.7670682731
873	0.4482383695	0.8370786517	0.7670682731
874	0.4481083866	0.8370786517	0.7670682731
875	0.448012923	0.8370786517	0.7670682731
876	0.4479275109	0.8370786517	0.7670682731
877	0.4477976026	0.8370786517	0.7670682731
878	0.4476910186	0.8370786517	0.7670682731
879	0.4476469884	0.8370786517	0.7670682731
880	0.4475377336	0.8370786517	0.7670682731
881	0.4474318141	0.8370786517	0.7670682731
882	0.4473075906	0.8370786517	0.7670682731
883	0.4472377558	0.8370786517	0.7670682731
884	0.4470998406	0.8370786517	0.7670682731
885	0.4469837699	0.8370786517	0.7670682731
886	0.4469052924	0.8370786517	0.7670682731
887	0.4467891825	0.8370786517	0.7670682731
888	0.4466721806	0.8370786517	0.7670682731
889	0.4465417569	0.8370786517	0.7670682731
890	0.4464510609	0.8370786517	0.7670682731
891	0.4463379521	0.8370786517	0.7670682731
892	0.446257825	0.8370786517	0.7670682731
893	0.4461762723	0.8370786517	0.7670682731
894	0.4461142835	0.8370786517	0.7670682731
895	0.4459864831	0.8370786517	0.7670682731
896	0.4459088355	0.8370786517	0.7670682731
897	0.4458207388	0.8370786517	0.7670682731
898	0.4456971076	0.8370786517	0.7670682731
899	0.4455857786	0.8370786517	0.7670682731
900	0.4454481202	0.8370786517	0.7670682731
901	0.4453376404	0.8370786517	0.7670682731
902	0.4452582579	0.8370786517	0.7670682731
903	0.445148891	0.8370786517	0.7670682731
904	0.4450397593	0.8370786517	0.7670682731
905	0.4449125787	0.8370786517	0.7670682731
906	0.4447803188	0.8370786517	0.7670682731
907	0.4447391222	0.8370786517	0.7670682731
908	0.4446243322	0.8370786517	0.7670682731
909	0.4445067103	0.8370786517	0.7670682731
910	0.4444010289	0.8370786517	0.7670682731
911	0.4442909837	0.8370786517	0.7670682731
912	0.4442243516	0.8370786517	0.7670682731
913	0.4440926327	0.8370786517	0.7670682731
914	0.4440118694	0.8370786517	0.7670682731
915	0.4438978795	0.8370786517	0.7670682731
916	0.4437846054	0.8370786517	0.7670682731
917	0.4436626807	0.8370786517	0.7670682731
918	0.4435593599	0.8370786517	0.7670682731
919	0.4434316745	0.8370786517	0.7670682731
920	0.4433489501	0.8370786517	0.7670682731
921	0.4432218954	0.8370786517	0.7670682731
922	0.4431485841	0.8370786517	0.7670682731
923	0.4430490078	0.8370786517	0.7670682731
924	0.4429274278	0.8370786517	0.7670682731
925	0.4428315627	0.8370786517	0.7670682731
926	0.4427830453	0.8370786517	0.7670682731
927	0.4426610482	0.8370786517	0.7670682731
928	0.442517742	0.8370786517	0.7670682731
929	0.4424438995	0.8370786517	0.7670682731
930	0.4423966104	0.8370786517	0.7670682731
931	0.442308861	0.8370786517	0.7670682731
932	0.4422179837	0.8370786517	0.7670682731
933	0.4421247263	0.8370786517	0.7670682731
934	0.4420427567	0.8370786517	0.7670682731
935	0.4419731388	0.8370786517	0.7670682731
936	0.4418879959	0.8370786517	0.7670682731
937	0.4417828502	0.8370786517	0.7670682731
938	0.4416536008	0.8370786517	0.7670682731
939	0.4415308873	0.8370786517	0.7670682731
940	0.4414336965	0.8370786517	0.7670682731
941	0.4413038656	0.8370786517	0.7670682731
942	0.4411867446	0.8370786517	0.7670682731
943	0.4411186454	0.8370786517	0.7670682731
944	0.4410201812	0.8370786517	0.7670682731
945	0.4409080312	0.8370786517	0.7670682731
946	0.4408361365	0.8370786517	0.7670682731
947	0.4407492608	0.8370786517	0.7670682731
948	0.4406578202	0.8370786517	0.7670682731
949	0.4405360605	0.8370786517	0.7670682731
950	0.4404208886	0.8370786517	0.7670682731
951	0.4403174348	0.8370786517	0.7670682731
952	0.4402804061	0.8370786517	0.7670682731
953	0.4402096434	0.8370786517	0.7670682731
954	0.4401138184	0.8370786517	0.7670682731
955	0.4400538022	0.8370786517	0.7670682731
956	0.4399591352	0.8370786517	0.7670682731
957	0.4398800621	0.8370786517	0.7670682731
958	0.4398284413	0.8370786517	0.7670682731
959	0.439735763	0.8370786517	0.7670682731
960	0.4396286438	0.8370786517	0.7670682731
961	0.4395903545	0.8370786517	0.7670682731
962	0.4395099701	0.8370786517	0.7670682731
963	0.439436157	0.8370786517	0.7670682731
964	0.4393265723	0.8370786517	0.7670682731
965	0.4392166899	0.8370786517	0.7670682731
966	0.4391737971	0.8370786517	0.7670682731
967	0.439115512	0.8370786517	0.7670682731
968	0.4389989103	0.8370786517	0.7670682731
969	0.4388736527	0.8370786517	0.7670682731
970	0.4387550343	0.8370786517	0.7670682731
971	0.4386743969	0.8370786517	0.7670682731
972	0.438589049	0.8370786517	0.7670682731
973	0.4384804192	0.8370786517	0.7670682731
974	0.4383767625	0.8370786517	0.7670682731
975	0.4382919331	0.8370786517	0.7670682731
976	0.4382018618	0.8370786517	0.7670682731
977	0.4381304943	0.8370786517	0.7670682731
978	0.4380269349	0.8370786517	0.7670682731
979	0.4379921822	0.8370786517	0.7670682731
980	0.4379246549	0.8370786517	0.7670682731
981	0.4378545787	0.8370786517	0.7670682731
982	0.437761983	0.8370786517	0.7670682731
983	0.4376786243	0.8370786517	0.7670682731
984	0.4375790017	0.8370786517	0.7670682731
985	0.4375160409	0.8370786517	0.7670682731
986	0.4374545947	0.8370786517	0.7670682731
987	0.4374115004	0.8370786517	0.7670682731
988	0.4373218827	0.8370786517	0.7670682731
989	0.4372120427	0.8370786517	0.7670682731
990	0.4371359861	0.8370786517	0.7670682731
991	0.4370341897	0.8370786517	0.7670682731
992	0.4369353005	0.8370786517	0.7670682731
993	0.4368527735	0.8370786517	0.7670682731
994	0.4367321441	0.8370786517	0.7670682731
995	0.4366467754	0.8370786517	0.7670682731
996	0.436550283	0.8370786517	0.7670682731
997	0.4364589436	0.8370786517	0.7670682731
998	0.4363540917	0.8370786517	0.7670682731
999	0.436230379	0.8370786517	0.7670682731
1000	0.4361942454	0.8370786517	0.7670682731
1001	0.4361040373	0.8370786517	0.7670682731
1002	0.4360711136	0.8370786517	0.7670682731
1003	0.4359594178	0.8370786517	0.7670682731
1004	0.4358822996	0.8370786517	0.7670682731
1005	0.4357756639	0.8370786517	0.7670682731
1006	0.4356785811	0.8370786517	0.7670682731
1007	0.4355774415	0.8370786517	0.7670682731
1008	0.4354878067	0.8370786517	0.7670682731
1009	0.4354281969	0.8370786517	0.7670682731
1010	0.4353503984	0.8370786517	0.7670682731
1011	0.4352842214	0.8370786517	0.7670682731
1012	0.4352511919	0.8370786517	0.7670682731
1013	0.435155101	0.8370786517	0.7670682731
1014	0.4350604091	0.8370786517	0.7670682731
1015	0.4349506627	0.8370786517	0.7670682731
1016	0.4348749096	0.8370786517	0.7670682731
1017	0.4347876737	0.8370786517	0.7670682731
1018	0.4347377909	0.8370786517	0.7670682731
1019	0.4346453481	0.8370786517	0.7670682731
1020	0.4345664966	0.8370786517	0.7670682731
1021	0.4345283642	0.8370786517	0.7670682731
1022	0.4344255622	0.8370786517	0.7670682731
1023	0.4343288053	0.8370786517	0.7670682731
1024	0.4342630903	0.8370786517	0.7670682731
1025	0.4341895469	0.8370786517	0.7670682731
1026	0.4340815292	0.8370786517	0.7670682731
1027	0.4340056586	0.8370786517	0.7670682731
1028	0.4339237498	0.8370786517	0.7670682731
1029	0.4338619797	0.8370786517	0.7670682731
1030	0.4337808725	0.8370786517	0.7670682731
1031	0.4336975076	0.8370786517	0.7670682731
1032	0.4335803478	0.8370786517	0.7670682731
1033	0.43349581	0.8370786517	0.7670682731
1034	0.4333953682	0.8370786517	0.7670682731
1035	0.4333530246	0.8370786517	0.7670682731
1036	0.4332708587	0.8370786517	0.7670682731
1037	0.4332145181	0.8370786517	0.7670682731
1038	0.4331357396	0.8370786517	0.7670682731
1039	0.4330534038	0.8370786517	0.7670682731
1040	0.4329760916	0.8370786517	0.7670682731
1041	0.4328813426	0.8370786517	0.7670682731
1042	0.432805115	0.8370786517	0.7670682731
1043	0.43273971	0.8370786517	0.7670682731
1044	0.4326817551	0.8370786517	0.7670682731
1045	0.4326123311	0.8370786517	0.7670682731
1046	0.4325124035	0.8370786517	0.7670682731
1047	0.4324655333	0.8370786517	0.7670682731
1048	0.4324008737	0.8370786517	0.7670682731
1049	0.4323236469	0.8370786517	0.7670682731
1050	0.4322326379	0.8370786517	0.7670682731
1051	0.4321431372	0.8370786517	0.7670682731
1052	0.4320261259	0.8370786517	0.7670682731
1053	0.4319434902	0.8370786517	0.7670682731
1054	0.4318712003	0.8370786517	0.7670682731
1055	0.4317683659	0.8370786517	0.7670682731
1056	0.431710891	0.8370786517	0.7670682731
1057	0.4315978159	0.8370786517	0.7670682731
1058	0.4315088239	0.8370786517	0.7670682731
1059	0.4313924421	0.8370786517	0.7670682731
1060	0.4312928605	0.8370786517	0.7670682731
1061	0.4311942105	0.8370786517	0.7670682731
1062	0.4310862783	0.8370786517	0.7670682731
1063	0.4309899833	0.8370786517	0.7670682731
1064	0.4308902219	0.8370786517	0.7670682731
1065	0.4308154	0.8370786517	0.7670682731
1066	0.4307328989	0.8370786517	0.7670682731
1067	0.4306398578	0.8370786517	0.7670682731
1068	0.4305522148	0.8370786517	0.7670682731
1069	0.4304618985	0.8370786517	0.7670682731
1070	0.4303899623	0.8370786517	0.7670682731
1071	0.4302893332	0.8370786517	0.7670682731
1072	0.430190862	0.8370786517	0.7670682731
1073	0.4300844442	0.8370786517	0.7670682731
1074	0.4300274304	0.8370786517	0.7670682731
1075	0.4299594643	0.8370786517	0.7670682731
1076	0.4298705481	0.8370786517	0.7670682731
1077	0.4297979588	0.8370786517	0.7670682731
1078	0.4297247342	0.8370786517	0.7670682731
1079	0.4296636275	0.8370786517	0.7670682731
1080	0.4295766721	0.8370786517	0.7670682731
1081	0.4295086614	0.8370786517	0.7670682731
1082	0.4294179033	0.8370786517	0.7670682731
1083	0.429342952	0.8370786517	0.7670682731
1084	0.4292534411	0.8370786517	0.7670682731
1085	0.4291896747	0.8370786517	0.7670682731
1086	0.4291460641	0.8370786517	0.7670682731
1087	0.4290882411	0.8370786517	0.7670682731
1088	0.4290030664	0.8370786517	0.7670682731
1089	0.4288998453	0.8370786517	0.7670682731
1090	0.4288084478	0.8370786517	0.7670682731
1091	0.4287160238	0.8370786517	0.7670682731
1092	0.428634432	0.8370786517	0.7670682731
1093	0.4285934747	0.8370786517	0.7670682731
1094	0.428498274	0.8370786517	0.7670682731
1095	0.4284093387	0.8370786517	0.7670682731
1096	0.4283144667	0.8370786517	0.7670682731
1097	0.4282245894	0.8370786517	0.7670682731
1098	0.4281342548	0.8370786517	0.7670682731
1099	0.4280931782	0.8370786517	0.7670682731
1100	0.4280111648	0.8370786517	0.7670682731
1101	0.4279071025	0.8370786517	0.7670682731
1102	0.4278674078	0.8370786517	0.7670682731
1103	0.4277824166	0.8370786517	0.7670682731
1104	0.4277426539	0.8370786517	0.7670682731
1105	0.4276773759	0.8370786517	0.7670682731
1106	0.427557948	0.8370786517	0.7670682731
1107	0.4274693267	0.8370786517	0.7670682731
1108	0.4273908151	0.8370786517	0.7670682731
1109	0.4272959477	0.8370786517	0.7670682731
1110	0.4272137463	0.8370786517	0.7670682731
1111	0.4271410975	0.8370786517	0.7670682731
1112	0.4270893065	0.8370786517	0.7670682731
1113	0.4270314813	0.8370786517	0.7670682731
1114	0.4269718865	0.8370786517	0.7670682731
1115	0.4268978904	0.8370786517	0.7670682731
1116	0.4268189749	0.8370786517	0.7670682731
1117	0.426751457	0.8370786517	0.7670682731
1118	0.4267127936	0.8370786517	0.7670682731
1119	0.4266633494	0.8370786517	0.7670682731
1120	0.4265706419	0.8370786517	0.7670682731
1121	0.4265420213	0.8370786517	0.7670682731
1122	0.4264426081	0.8370786517	0.7670682731
1123	0.426375615	0.8370786517	0.7670682731
1124	0.4263114121	0.8370786517	0.7670682731
1125	0.4262226678	0.8370786517	0.7670682731
1126	0.4261409043	0.8370786517	0.7670682731
1127	0.4260476928	0.8370786517	0.7670682731
1128	0.4259560899	0.8370786517	0.7670682731
1129	0.4259014834	0.8370786517	0.7670682731
1130	0.4258187301	0.8370786517	0.7670682731
1131	0.4257387736	0.8370786517	0.7670682731
1132	0.4257104339	0.8370786517	0.7670682731
1133	0.4256339912	0.8370786517	0.7670682731
1134	0.4255385092	0.8370786517	0.7670682731
1135	0.4254599978	0.8370786517	0.7670682731
1136	0.4254060828	0.8370786517	0.7670682731
1137	0.4253505007	0.8370786517	0.7670682731
1138	0.4252506346	0.8370786517	0.7670682731
1139	0.4251700883	0.8370786517	0.7670682731
1140	0.4250980954	0.8370786517	0.7670682731
1141	0.4250699839	0.8370786517	0.7670682731
1142	0.4250150128	0.8370786517	0.7670682731
1143	0.4249400473	0.8370786517	0.7670682731
1144	0.42485749	0.8370786517	0.7670682731
1145	0.4247881286	0.8370786517	0.7670682731
1146	0.4247224286	0.8370786517	0.7670682731
1147	0.4246656451	0.8370786517	0.7670682731
1148	0.4246199001	0.8370786517	0.7670682731
1149	0.4245955665	0.8370786517	0.7670682731
1150	0.4245311064	0.8370786517	0.7670682731
1151	0.424433833	0.8370786517	0.7670682731
1152	0.4243474226	0.8370786517	0.7670682731
1153	0.4242767824	0.8370786517	0.7670682731
1154	0.4242163247	0.8370786517	0.7670682731
1155	0.4241527152	0.8370786517	0.7670682731
1156	0.4240925779	0.8370786517	0.7670682731
1157	0.4240138734	0.8370786517	0.7670682731
1158	0.4239227778	0.8370786517	0.7670682731
1159	0.4238268006	0.8370786517	0.7670682731
1160	0.4237734607	0.8370786517	0.7670682731
1161	0.423729606	0.8370786517	0.7670682731
1162	0.4236999586	0.8370786517	0.7670682731
1163	0.423648479	0.8370786517	0.7670682731
1164	0.4235609496	0.8370786517	0.7670682731
1165	0.4234791056	0.8370786517	0.7670682731
1166	0.4234210265	0.8370786517	0.7670682731
1167	0.4233548705	0.8370786517	0.7670682731
1168	0.423287897	0.8370786517	0.7670682731
1169	0.4232491374	0.8370786517	0.7670682731
1170	0.4231849738	0.8370786517	0.7670682731
1171	0.4231352663	0.8370786517	0.7670682731
1172	0.4230367122	0.8370786517	0.7670682731
1173	0.4229506452	0.8370786517	0.7670682731
1174	0.4228768215	0.8370786517	0.7670682731
1175	0.4228009393	0.8370786517	0.7670682731
1176	0.4227231389	0.8370786517	0.7670682731
1177	0.4226644754	0.8370786517	0.7670682731
1178	0.4225839811	0.8370786517	0.7670682731
1179	0.4225009934	0.8370786517	0.7670682731
1180	0.422426847	0.8370786517	0.7670682731
1181	0.4223292842	0.8370786517	0.7670682731
1182	0.4222604351	0.8370786517	0.7670682731
1183	0.4221693953	0.8370786517	0.7670682731
1184	0.4221155729	0.8370786517	0.7670682731
1185	0.4220535353	0.8370786517	0.7670682731
1186	0.4220119897	0.8370786517	0.7670682731
1187	0.4218987834	0.8370786517	0.7670682731
1188	0.4218332698	0.8370786517	0.7670682731
1189	0.4217493064	0.8370786517	0.7670682731
1190	0.4216819918	0.8370786517	0.7670682731
1191	0.4216357341	0.8370786517	0.7670682731
1192	0.42161117	0.8370786517	0.7670682731
1193	0.4215283887	0.8370786517	0.7670682731
1194	0.4214291176	0.8370786517	0.7670682731
1195	0.4213555843	0.8370786517	0.7670682731
1196	0.4213065943	0.8370786517	0.7670682731
1197	0.4212472126	0.8370786517	0.7670682731
1198	0.4211929379	0.8370786517	0.7670682731
1199	0.4211053196	0.8370786517	0.7670682731
1200	0.4210394821	0.8370786517	0.7670682731
1201	0.4209870843	0.8370786517	0.7670682731
1202	0.4209533945	0.8370786517	0.7670682731
1203	0.4208941083	0.8370786517	0.7670682731
1204	0.4208247378	0.8370786517	0.7670682731
1205	0.4207416178	0.8370786517	0.7670682731
1206	0.4207166336	0.8370786517	0.7670682731
1207	0.42063657	0.8370786517	0.7670682731
1208	0.4206138846	0.8370786517	0.7670682731
1209	0.42057299	0.8370786517	0.7670682731
1210	0.4204995258	0.8370786517	0.7670682731
1211	0.4204426944	0.8370786517	0.7670682731
1212	0.4203835034	0.8370786517	0.7670682731
1213	0.420361771	0.8370786517	0.7670682731
1214	0.420308114	0.8370786517	0.7670682731
1215	0.4202467875	0.8370786517	0.7670682731
1216	0.4201695399	0.8370786517	0.7670682731
1217	0.420090864	0.8370786517	0.7670682731
1218	0.4200473306	0.8370786517	0.7670682731
1219	0.4199761004	0.8370786517	0.7670682731
1220	0.4198848338	0.8370786517	0.7670682731
1221	0.419832874	0.8370786517	0.7670682731
1222	0.4197731877	0.8370786517	0.7670682731
1223	0.4196963173	0.8370786517	0.7670682731
1224	0.4196289073	0.8370786517	0.7670682731
1225	0.4195569699	0.8370786517	0.7670682731
1226	0.419497799	0.8370786517	0.7670682731
1227	0.4194145855	0.8370786517	0.7670682731
1228	0.4193388443	0.8370786517	0.7670682731
1229	0.419256305	0.8370786517	0.7670682731
1230	0.4191960778	0.8370786517	0.7670682731
1231	0.4191244902	0.8370786517	0.7670682731
1232	0.4190368498	0.8370786517	0.7670682731
1233	0.4189675586	0.8370786517	0.7670682731
1234	0.4188827626	0.8370786517	0.7670682731
1235	0.4188491935	0.8370786517	0.7670682731
1236	0.4188017904	0.8370786517	0.7670682731
1237	0.4187496463	0.8370786517	0.7670682731
1238	0.4186871262	0.8370786517	0.7670682731
1239	0.4186225587	0.8370786517	0.7670682731
1240	0.4185576613	0.8370786517	0.7670682731
1241	0.4184805298	0.8370786517	0.7670682731
1242	0.4184270824	0.8370786517	0.7670682731
1243	0.4183873318	0.8370786517	0.7670682731
1244	0.4183224895	0.8370786517	0.7670682731
1245	0.4182361235	0.8370786517	0.7670682731
1246	0.418217427	0.8370786517	0.7670682731
1247	0.418150247	0.8370786517	0.7670682731
1248	0.418070625	0.8370786517	0.7670682731
1249	0.4180151974	0.8370786517	0.7670682731
1250	0.4179738806	0.8370786517	0.7670682731
1251	0.4179243717	0.8370786517	0.7670682731
1252	0.4178486117	0.8370786517	0.7670682731
1253	0.4178027941	0.8370786517	0.7670682731
1254	0.4177349714	0.8370786517	0.7670682731
1255	0.4176720541	0.8370786517	0.7670682731
1256	0.4176191289	0.8370786517	0.7670682731
1257	0.4175420772	0.8370786517	0.7670682731
1258	0.4174839605	0.8370786517	0.7670682731
1259	0.417406871	0.8370786517	0.7670682731
1260	0.417371904	0.8370786517	0.7670682731
1261	0.4172940485	0.8370786517	0.7670682731
1262	0.4172512256	0.8370786517	0.7670682731
1263	0.4172332033	0.8370786517	0.7670682731
1264	0.4171546486	0.8370786517	0.7670682731
1265	0.4171288512	0.8370786517	0.7670682731
1266	0.4170951909	0.8370786517	0.7670682731
1267	0.4170442111	0.8370786517	0.7670682731
1268	0.4169824623	0.8370786517	0.7670682731
1269	0.4169127885	0.8370786517	0.7670682731
1270	0.4168431042	0.8370786517	0.7670682731
1271	0.416776815	0.8370786517	0.7670682731
1272	0.4167100757	0.8370786517	0.7670682731
1273	0.4166718129	0.8370786517	0.7670682731
1274	0.4165729384	0.8370786517	0.7670682731
1275	0.416510557	0.8370786517	0.7670682731
1276	0.4164680088	0.8370786517	0.7670682731
1277	0.4163961358	0.8370786517	0.7670682731
1278	0.4163091961	0.8370786517	0.7670682731
1279	0.4162451842	0.8370786517	0.7670682731
1280	0.4161829866	0.8370786517	0.7670682731
1281	0.416118084	0.8370786517	0.7670682731
1282	0.4160428188	0.8370786517	0.7670682731
1283	0.4159844373	0.8370786517	0.7670682731
1284	0.4159433567	0.8370786517	0.7670682731
1285	0.4158613185	0.8370786517	0.7670682731
1286	0.4158089698	0.8370786517	0.7670682731
1287	0.4157570428	0.8370786517	0.7670682731
1288	0.4156792859	0.8370786517	0.7670682731
1289	0.415616319	0.8370786517	0.7670682731
1290	0.4155702235	0.8370786517	0.7670682731
1291	0.4155290979	0.8370786517	0.7670682731
1292	0.4154857312	0.8370786517	0.7670682731
1293	0.4154459708	0.8370786517	0.7670682731
1294	0.4154007484	0.8370786517	0.7670682731
1295	0.415334819	0.8370786517	0.7670682731
1296	0.4152983874	0.8370786517	0.7670682731
1297	0.4152202201	0.8370786517	0.7670682731
1298	0.4151573691	0.8370786517	0.7670682731
1299	0.4150937772	0.8370786517	0.7670682731
1300	0.4150615649	0.8370786517	0.7670682731
1301	0.415010892	0.8370786517	0.7670682731
1302	0.4149943243	0.8370786517	0.7670682731
1303	0.4149540015	0.8370786517	0.7670682731
1304	0.4148918092	0.8370786517	0.7670682731
1305	0.4148133182	0.8370786517	0.7670682731
1306	0.414756127	0.8370786517	0.7670682731
1307	0.4146905893	0.8370786517	0.7670682731
1308	0.4146308663	0.8370786517	0.7670682731
1309	0.4145992678	0.8370786517	0.7670682731
1310	0.4145519093	0.8370786517	0.7670682731
1311	0.4144903578	0.8370786517	0.7670682731
1312	0.4144740606	0.8370786517	0.7670682731
1313	0.4144254039	0.8370786517	0.7670682731
1314	0.4143624453	0.8370786517	0.7670682731
1315	0.4142885614	0.8370786517	0.7670682731
1316	0.4142461643	0.8370786517	0.7670682731
1317	0.4141984368	0.8370786517	0.7670682731
1318	0.4141301937	0.8370786517	0.7670682731
1319	0.4140731651	0.8370786517	0.7670682731
1320	0.4140311322	0.8370786517	0.7670682731
1321	0.4139797943	0.8370786517	0.7670682731
1322	0.4139540577	0.8370786517	0.7670682731
1323	0.4139328276	0.8370786517	0.7670682731
1324	0.4138755162	0.8370786517	0.7670682731
1325	0.4138038926	0.8370786517	0.7670682731
1326	0.4137323533	0.8370786517	0.7670682731
1327	0.4136712538	0.8370786517	0.7670682731
1328	0.4135933371	0.8370786517	0.7670682731
1329	0.4135292842	0.8370786517	0.7670682731
1330	0.4134632555	0.8370786517	0.7670682731
1331	0.4134039222	0.8370786517	0.7670682731
1332	0.4133442774	0.8370786517	0.7670682731
1333	0.4132606514	0.8370786517	0.7670682731
1334	0.413196328	0.8370786517	0.7670682731
1335	0.4131408414	0.8370786517	0.7670682731
1336	0.4130636195	0.8370786517	0.7670682731
1337	0.4129925042	0.8370786517	0.7670682731
1338	0.4129297199	0.8370786517	0.7670682731
1339	0.4128561838	0.8370786517	0.7670682731
1340	0.4127985614	0.8370786517	0.7670682731
1341	0.412731546	0.8370786517	0.7670682731
1342	0.4126755395	0.8370786517	0.7670682731
1343	0.4126384054	0.8370786517	0.7670682731
1344	0.4126157141	0.8370786517	0.7670682731
1345	0.4125490877	0.8370786517	0.7670682731
1346	0.4124704915	0.8370786517	0.7670682731
1347	0.4124223908	0.8370786517	0.7670682731
1348	0.4123726644	0.8370786517	0.7670682731
1349	0.412318977	0.8370786517	0.7670682731
1350	0.412221771	0.8370786517	0.7670682731
1351	0.4121858782	0.8370786517	0.7670682731
1352	0.4121486279	0.8370786517	0.7670682731
1353	0.4120997976	0.8370786517	0.7670682731
1354	0.4120679677	0.8370786517	0.7670682731
1355	0.41202369	0.8370786517	0.7670682731
1356	0.4120070662	0.8370786517	0.7670682731
1357	0.4119372306	0.8370786517	0.7670682731
1358	0.4118734757	0.8370786517	0.7670682731
1359	0.4118064692	0.8370786517	0.7670682731
1360	0.4117457075	0.8370786517	0.7670682731
1361	0.4116851943	0.8370786517	0.7670682731
1362	0.411640972	0.8370786517	0.7670682731
1363	0.4115741145	0.8370786517	0.7670682731
1364	0.4115336741	0.8370786517	0.7670682731
1365	0.4115022729	0.8370786517	0.7670682731
1366	0.4114405677	0.8370786517	0.7670682731
1367	0.4114254313	0.8370786517	0.7670682731
1368	0.4113736613	0.8370786517	0.7670682731
1369	0.4113247993	0.8370786517	0.7670682731
1370	0.4112352793	0.8370786517	0.7670682731
1371	0.4111812123	0.8370786517	0.7670682731
1372	0.4111115413	0.8370786517	0.7670682731
1373	0.4110639346	0.8370786517	0.7670682731
1374	0.4110142296	0.8370786517	0.7670682731
1375	0.4109430849	0.8370786517	0.7670682731
1376	0.410903164	0.8370786517	0.7670682731
1377	0.4108358687	0.8370786517	0.7670682731
1378	0.4108039924	0.8370786517	0.7670682731
1379	0.4107670059	0.8370786517	0.7670682731
1380	0.4107326374	0.8370786517	0.7670682731
1381	0.4106802029	0.8370786517	0.7670682731
1382	0.4106226773	0.8370786517	0.7670682731
1383	0.4105588581	0.8370786517	0.7670682731
1384	0.4105222092	0.8370786517	0.7670682731
1385	0.4104971042	0.8370786517	0.7670682731
1386	0.4104367712	0.8370786517	0.7670682731
1387	0.4103729134	0.8370786517	0.7670682731
1388	0.4103389033	0.8370786517	0.7670682731
1389	0.4102927926	0.8370786517	0.7670682731
1390	0.4102197395	0.8370786517	0.7670682731
1391	0.4101926298	0.8370786517	0.7670682731
1392	0.4101539314	0.8370786517	0.7670682731
1393	0.4101011429	0.8370786517	0.7670682731
1394	0.4100348628	0.8370786517	0.7670682731
1395	0.4099985077	0.8370786517	0.7670682731
1396	0.4099258288	0.8370786517	0.7670682731
1397	0.4098765145	0.8370786517	0.7670682731
1398	0.4098009334	0.8370786517	0.7670682731
1399	0.4097357751	0.8370786517	0.7670682731
1400	0.4096747687	0.8370786517	0.7670682731
1401	0.4096050252	0.8370786517	0.7670682731
1402	0.4095783996	0.8370786517	0.7670682731
1403	0.4095118702	0.8370786517	0.7670682731
1404	0.4094935258	0.8370786517	0.7670682731
1405	0.4094586011	0.8370786517	0.7670682731
1406	0.409406731	0.8370786517	0.7670682731
1407	0.409350561	0.8370786517	0.7670682731
1408	0.4092839697	0.8370786517	0.7670682731
1409	0.4092559313	0.8370786517	0.7670682731
1410	0.4091988935	0.8370786517	0.7670682731
1411	0.4091319113	0.8370786517	0.7670682731
1412	0.4090893737	0.8370786517	0.7670682731
1413	0.4090243299	0.8370786517	0.7670682731
1414	0.4089768618	0.8370786517	0.7670682731
1415	0.4089377553	0.8370786517	0.7670682731
1416	0.4088729433	0.8370786517	0.7670682731
1417	0.4088206102	0.8370786517	0.7670682731
1418	0.4087854483	0.8370786517	0.7670682731
1419	0.4087381098	0.8370786517	0.7670682731
1420	0.408682969	0.8370786517	0.7670682731
1421	0.4086320429	0.8370786517	0.7670682731
1422	0.4085646269	0.8370786517	0.7670682731
1423	0.4085142974	0.8370786517	0.7670682731
1424	0.408447262	0.8370786517	0.7670682731
1425	0.4083849611	0.8370786517	0.7670682731
1426	0.408329	0.8370786517	0.7670682731
1427	0.4082805981	0.8370786517	0.7670682731
1428	0.4082077006	0.8370786517	0.7670682731
1429	0.4081614128	0.8370786517	0.7670682731
1430	0.4081031088	0.8370786517	0.7670682731
1431	0.4080561998	0.8370786517	0.7670682731
1432	0.4080104398	0.8370786517	0.7670682731
1433	0.4079611799	0.8370786517	0.7670682731
1434	0.4079003571	0.8370786517	0.7670682731
1435	0.4078370013	0.8370786517	0.7670682731
1436	0.4077671868	0.8370786517	0.7670682731
1437	0.4077271274	0.8370786517	0.7670682731
1438	0.4076900301	0.8370786517	0.7670682731
1439	0.4076601547	0.8370786517	0.7670682731
1440	0.4076213417	0.8370786517	0.7670682731
1441	0.4075974799	0.8370786517	0.7670682731
1442	0.4075605038	0.8370786517	0.7670682731
1443	0.4075296628	0.8370786517	0.7670682731
1444	0.4075135515	0.8370786517	0.7670682731
1445	0.407477387	0.8370786517	0.7670682731
1446	0.4074221136	0.8370786517	0.7670682731
1447	0.4073957543	0.8370786517	0.7670682731
1448	0.4073759795	0.8370786517	0.7670682731
1449	0.4073178022	0.8370786517	0.7670682731
1450	0.4072677043	0.8370786517	0.7670682731
1451	0.407201394	0.8370786517	0.7670682731
1452	0.4071552522	0.8370786517	0.7670682731
1453	0.4070970353	0.8370786517	0.7670682731
1454	0.4070667553	0.8370786517	0.7670682731
1455	0.4070314463	0.8370786517	0.7670682731
1456	0.4069752272	0.8370786517	0.7670682731
1457	0.4069352986	0.8370786517	0.7670682731
1458	0.4069022554	0.8370786517	0.7670682731
1459	0.4068542362	0.8370786517	0.7670682731
1460	0.4068263268	0.8370786517	0.7670682731
1461	0.4067888655	0.8370786517	0.7670682731
1462	0.4067192231	0.8370786517	0.7670682731
1463	0.4066461214	0.8370786517	0.7670682731
1464	0.4065902108	0.8370786517	0.7670682731
1465	0.4065687173	0.8370786517	0.7670682731
1466	0.4065217862	0.8370786517	0.7670682731
1467	0.406445791	0.8370786517	0.7670682731
1468	0.4063958048	0.8370786517	0.7670682731
1469	0.4063560935	0.8370786517	0.7670682731
1470	0.4063102077	0.8370786517	0.7670682731
1471	0.4062538142	0.8370786517	0.7670682731
1472	0.4062039657	0.8370786517	0.7670682731
1473	0.4061324841	0.8370786517	0.7670682731
1474	0.4060783969	0.8370786517	0.7670682731
1475	0.406028425	0.8370786517	0.7670682731
1476	0.4060132935	0.8370786517	0.7670682731
1477	0.4059519318	0.8370786517	0.7670682731
1478	0.4059255462	0.8370786517	0.7670682731
1479	0.4058905682	0.8370786517	0.7670682731
1480	0.4058510642	0.8370786517	0.7670682731
1481	0.4058187577	0.8370786517	0.7670682731
1482	0.4057797218	0.8370786517	0.7670682731
1483	0.4057191782	0.8370786517	0.7670682731
1484	0.4056810968	0.8370786517	0.7670682731
1485	0.4056274283	0.8370786517	0.7670682731
1486	0.4055909394	0.8370786517	0.7670682731
1487	0.4055443506	0.8370786517	0.7670682731
1488	0.4055197534	0.8370786517	0.7670682731
1489	0.4054804349	0.8370786517	0.7670682731
1490	0.4054273258	0.8370786517	0.7670682731
1491	0.4053841859	0.8370786517	0.7670682731
1492	0.4053324009	0.8370786517	0.7670682731
1493	0.4052952073	0.8370786517	0.7670682731
1494	0.405241007	0.8370786517	0.7670682731
1495	0.4051949371	0.8370786517	0.7670682731
1496	0.4051638644	0.8370786517	0.7670682731
1497	0.4051333824	0.8370786517	0.7670682731
1498	0.4050750014	0.8370786517	0.7670682731
1499	0.4050388217	0.8370786517	0.7670682731
